USE CMPT291_Project
GO

insert into Branch
values
('HQ', 1275, 'Some Street', 'Edmonton', 'Alberta', 'Canada'),
('Calgary', 5123, 'Not Real Street', 'Calgary', 'Alberta', 'Canada'),
('Red Deer', 3932, 'Fake Ave', 'Red Deer', 'Alberta', 'Canada'),
('Lethbridge', 2563, 'Dummy Ave', 'Lethbridge', 'Alberta', 'Canada'),
('Airdrie', 3578, 'DNE Street', 'Airdrie', 'Alberta', 'Canada');

insert into CarType
values
('Sedan', 100.00, 700.00, 3000.00),
('SUV', 200.00, 1400.00, 6000.00),
('Pickup', 300.00, 2100.00, 9000.00);

insert into Car
values
('1HGCM82633A000001', 'Honda', 'Accord', 'ABC123', 0, 1),
('3N1AB51A21L000002', 'Nissan', 'Sentra', 'XYZ456', 1, 2),
('JT3HN86R7Y0000003', 'Toyota', '4Runner', 'DEF789', 2, 3),
('1C3CCBBB4CN000000', 'Chrysler', '200', 'GHI321', 0, 4),
('JH4CL96906C000005', 'Acura', 'TSX', 'JKL987', 1, 0),
('1GNEK13Z12J000006', 'Chevrolet', 'Tahoe', 'MNO654', 2, 1),
('1J4FA49S72P000007', 'Jeep', 'Wrangler', 'PQR321', 0, 2),
('2G1WB58KX91100000', 'Chevrolet', 'Impala', 'STU987', 1, 3),
('5FNRL38727B000009', 'Honda', 'Odyssey', 'VWX123', 2, 4),
('1GKFK63877J000010', 'GMC', 'Yukon', 'YUI456', 0, 0);

insert into Customer
values 
('John', 'Doe', '1990-05-15', 'AB1234567', '123-456-7890'),
('Jane', 'Smith', '1985-10-20', 'CD9876543', '234-567-8901'),
('Michael', 'Johnson', '1992-03-25', 'EF2468109', '345-678-9012'),
('Emily', 'Brown', '1988-07-10', 'GH1357924', '456-789-0123'),
('Daniel', 'Martinez', '1995-01-05', 'IJ7890123', '567-890-1234'),
('Jessica', 'Garcia', '1993-08-30', 'KL3579246', '678-901-2345'),
('Christopher', 'Rodriguez', '1987-04-12', 'MN5792468', '789-012-3456'),
('Amanda', 'Wilson', '1991-11-18', 'OP1357924', '890-123-4567'),
('Matthew', 'Lopez', '1989-06-22', 'QR7924681', '901-234-5678'),
('Ashley', 'Perez', '1994-02-28', 'ST2468109', '012-345-6789'),
('David', 'Gonzalez', '1986-09-03', 'UV8109246', '987-654-3210'),
('Sarah', 'Lee', '1997-12-08', 'WX1357924', '876-543-2109'),
('Ryan', 'Hernandez', '1996-06-17', 'YZ5792468', '765-432-1098'),
('Jennifer', 'Khan', '1984-11-23', 'AB3579246', '654-321-0987'),
('James', 'Nguyen', '1998-03-02', 'CD1357924', '543-210-9876'),
('Nicole', 'Wang', '1983-01-07', 'EF5792468', '432-109-8765'),
('Brandon', 'Kim', '1990-05-15', 'GH8109246', '321-098-7654'),
('Samantha', 'Patel', '1985-10-20', 'IJ7924681', '210-987-6543'),
('Justin', 'Singh', '1992-03-25', 'KL5792468', '109-876-5432'),
('Melissa', 'Huang', '1988-07-10', 'MN3579246', '098-765-4321'),
('Rachel', 'Chen', '1995-01-05', 'OP1357924', '987-654-3210'),
('Tyler', 'Wong', '1993-08-30', 'QR5792468', '876-543-2109'),
('Lauren', 'Patel', '1987-04-12', 'ST8109246', '765-432-1098'),
('Kevin', 'Chang', '1991-11-18', 'UV5792468', '654-321-0987'),
('Kayla', 'Li', '1989-06-22', 'WX1357924', '543-210-9876'),
('Andrew', 'Singh', '1994-02-28', 'YZ7924681', '432-109-8765'),
('Hannah', 'Choi', '1986-09-03', 'AB5792468', '321-098-7654'),
('Alex', 'Kim', '1997-12-08', 'CD8109246', '210-987-6543'),
('Megan', 'Wu', '1996-06-17', 'EF5792468', '109-876-5432'),
('Benjamin', 'Wang', '1984-11-23', 'GH1357924', '098-765-4321'),
('Taylor', 'Gupta', '1998-03-02', 'IJ7924681', '987-654-3210'),
('Olivia', 'Shah', '1983-01-07', 'KL5792468', '876-543-2109'),
('Joshua', 'Nguyen', '1990-05-15', 'MN1357924', '765-432-1098'),
('Grace', 'Garcia', '1985-10-20', 'OP5792468', '654-321-0987'),
('Zachary', 'Khan', '1992-03-25', 'QR8109246', '543-210-9876'),
('Anna', 'Lee', '1988-07-10', 'ST5792468', '432-109-8765'),
('Kyle', 'Martinez', '1995-01-05', 'UV1357924', '321-098-7654'),
('Victoria', 'Rodriguez', '1993-08-30', 'WX7924681', '210-987-6543'),
('Christian', 'Lopez', '1987-04-12', 'YZ5792468', '109-876-5432'),
('Julia', 'Gomez', '1991-11-18', 'AB1357924', '098-765-4321'),
('Nathan', 'Patel', '1989-06-22', 'CD5792468', '987-654-3210'),
('Madison', 'Nguyen', '1994-02-28', 'EF8109246', '876-543-2109'),
('Aidan', 'Kim', '1986-09-03', 'GH5792468', '765-432-1098'),
('Emma', 'Wong', '1997-12-08', 'IJ1357924', '654-321-0987'),
('Sofia', 'Patel', '1996-06-17', 'KL7924681', '543-210-9876'),
('Ethan', 'Chen', '1984-11-23', 'MN5792468', '432-109-8765'),
('Leah', 'Wu', '1998-03-02', 'OP1357924', '321-098-7654'),
('Samuel', 'Garcia', '1983-01-07', 'QR5792468', '210-987-6543'),
('Isabella', 'Khan', '1990-05-15', 'ST8109246', '109-876-5432'),
('Dylan', 'Lee', '1985-10-20', 'UV5792468', '098-765-4321'),
('Mia', 'Martinez', '1992-03-25', 'WX1357924', '987-654-3210'),
('Aiden', 'Rodriguez', '1988-07-10', 'YZ7924681', '876-543-2109'),
('Avery', 'Lopez', '1995-01-05', 'AB5792468', '765-432-1098'),
('Charlotte', 'Nguyen', '1993-08-30', 'CD8109246', '654-321-0987'),
('Hunter', 'Patel', '1987-04-12', 'EF5792468', '543-210-9876'),
('Gabriella', 'Gomez', '1991-11-18', 'GH1357924', '432-109-8765'),
('Carter', 'Singh', '1989-06-22', 'IJ5792468', '321-098-7654'),
('Scarlett', 'Huang', '1994-02-28', 'KL8109246', '210-987-6543'),
('Jackson', 'Chen', '1986-09-03', 'MN5792468', '109-876-5432'),
('Lily', 'Wong', '1997-12-08', 'OP1357924', '098-765-4321'),
('Henry', 'Kim', '1996-06-17', 'QR7924681', '987-654-3210'),
('Zoe', 'Patel', '1984-11-23', 'ST5792468', '876-543-2109'),
('Liam', 'Garcia', '1998-03-02', 'UV1357924', '765-432-1098'),
('Mila', 'Brown', '1983-01-07', 'WX5792468', '654-321-0987'),
('Elijah', 'Nguyen', '1990-05-15', 'YZ8109246', '543-210-9876'),
('Amelia', 'Lee', '1985-10-20', 'AB5792468', '432-109-8765'),
('Emma', 'Martinez', '1992-03-25', 'CD1357924', '321-098-7654'),
('Sebastian', 'Wu', '1988-07-10', 'EF7924681', '210-987-6543'),
('Aria', 'Rodriguez', '1995-01-05', 'GH5792468', '109-876-5432'),
('Grayson', 'Lopez', '1993-08-30', 'IJ1357924', '098-765-4321'),
('Ariana', 'Singh', '1987-04-12', 'KL5792468', '987-654-3210'),
('Cameron', 'Gomez', '1991-11-18', 'MN8109246', '876-543-2109'),
('Riley', 'Huang', '1989-06-22', 'OP5792468', '765-432-1098'),
('Madelyn', 'Chen', '1994-02-28', 'QR1357924', '654-321-0987'),
('Connor', 'Wong', '1986-09-03', 'ST7924681', '543-210-9876'),
('Nora', 'Kim', '1997-12-08', 'UV5792468', '432-109-8765'),
('Levi', 'Patel', '1996-06-17', 'WX1357924', '321-098-7654'),
('Skylar', 'Garcia', '1984-11-23', 'YZ5792468', '210-987-6543'),
('Sofia', 'Khan', '1998-03-02', 'AB8109246', '109-876-5432'),
('Ellie', 'Lee', '1983-01-07', 'CD5792468', '098-765-4321'),
('Mason', 'Martinez', '1990-05-15', 'EF1357924', '987-654-3210'),
('Julian', 'Garcia', '1985-10-20', 'GH5792468', '876-543-2109'),
('Harper', 'Chen', '1992-03-25', 'IJ8109246', '765-432-1098'),
('Addison', 'Singh', '1988-07-10', 'KL5792468', '654-321-0987'),
('Elena', 'Wong', '1997-12-08', 'MN1357924', '543-210-9876'),
('Eli', 'Patel', '1996-06-17', 'OP7924681', '432-109-8765'),
('Miles', 'Garcia', '1984-11-23', 'QR5792468', '321-098-7654'),
('Aurora', 'Khan', '1998-03-02', 'ST1357924', '210-987-6543'),
('Violet', 'Lee', '1983-01-07', 'UV7924681', '109-876-5432'),
('Nova', 'Martinez', '1990-05-15', 'WX5792468', '098-765-4321'),
('Emmett', 'Rodriguez', '1985-10-20', 'YZ1357924', '987-654-3210'),
('Bella', 'Lopez', '1992-03-25', 'AB8109246', '876-543-2109'),
('Hazel', 'Singh', '1988-07-10', 'CD5792468', '765-432-1098'),
('Piper', 'Gomez', '1994-02-28', 'EF1357924', '654-321-0987'),
('Everett', 'Chen', '1986-09-03', 'GH5792468', '543-210-9876'),
('Serenity', 'Wong', '1997-12-08', 'IJ7924681', '432-109-8765'),
('Kai', 'Kim', '1996-06-17', 'KL1357924', '321-098-7654'),
('Evangeline', 'Patel', '1984-11-23', 'MN5792468', '210-987-6543'),
('Mateo', 'Garcia', '1998-03-02', 'OP8109246', '109-876-5432'),
('Sawyer', 'Khan', '1983-01-07', 'QR5792468', '098-765-4321');

insert into Employee
values
('William', 'Anderson', 50000.00, 0),
('Sophia', 'Taylor', 60000.00, 0),
('Ethan', 'Williams', 55000.00, 0),
('Olivia', 'Wilson', 52000.00, 1),
('Noah', 'Johnson', 62000.00, 1),
('Charlotte', 'Brown', 53000.00, 1),
('Liam', 'Thompson', 48000.00, 2),
('Amelia', 'Clark', 57000.00, 2),
('Mason', 'Moore', 58000.00, 2),
('Ella', 'Hall', 51000.00, 3),
('Aiden', 'Scott', 64000.00, 3),
('Avery', 'Green', 55000.00, 3),
('Harper', 'Baker', 49000.00, 4),
('Carter', 'Hill', 59000.00, 4),
('Sofia', 'Adams', 57000.00, 4);

insert into Rented
values
('2024-06-10', 0, '2024-06-13', 1, '1HGCM82633A000001', 0, 0, 400),
('2024-06-11', 1, '2024-06-14', 2, '3N1AB51A21L000002', 1, 1, 800),
('2024-06-12', 2, '2024-06-15', 3, 'JT3HN86R7Y0000003', 2, 2, 1200),
('2024-06-13', 3, '2024-06-16', 4, '1C3CCBBB4CN000000', 3, 3, 400),
('2024-06-14', 4, '2024-06-17', 0, 'JH4CL96906C000005', 4, 4, 800),
('2024-06-15', 0, '2024-06-18', 1, '1GNEK13Z12J000006', 5, 5, 1200),
('2024-06-16', 1, '2024-06-19', 2, '1J4FA49S72P000007', 6, 6, 400),
('2024-06-17', 2, '2024-06-20', 3, '2G1WB58KX91100000', 7, 7, 800),
('2024-06-18', 3, '2024-06-21', 4, '5FNRL38727B000009', 8, 8, 1200),
('2024-06-19', 4, '2024-06-22', 0, '1GKFK63877J000010', 9, 9, 400);